County,PVI,Population,#Democrats,#Republicans
Adams,7,527575,92716,57832
Alamosa,-3,16592,2862,2635
Arapahoe,10,655808,127587,84433
Archuleta,-8,14003,1895,4080
Baca,-33,3432,307,1295
Bent,-14,5399,582,1070
Boulder,27,327468,92634,25059
Broomfield,11,76121,15144,10453
Chaffee,1,20223,3900,4059
Cheyenne,-36,1732,95,767
Clear Creek,4,9355,1969,1646
Conejos,0,7579,2007,1781
Costilla,15,3603,1471,402
Crowley,-22,5614,360,980
Custer,-18,5335,471,2036
Delta,-19,31602,3024,9590
Denver,30,713252,192042,41586
Dolores,-25,2455,200,775
Douglas,-4,375988,50670,91743
Eagle,13,55285,8905,6265
El Paso,-5,740567,86263,146945
Elbert,-24,27799,2224,10890
Fremont,-19,49621,4406,12291
Garfield,0,62271,8267,9577
Gilpin,3,5891,1256,1035
Grand,-1,15769,2276,3669
Gunnison,13,17267,3468,2398
Huerfano,0,7082,1655,1338
Jackson,-26,1302,68,610
Jefferson,7,576143,121115,93826
Kiowa,-37,1424,72,578
Kit Carson,-31,6961,437,2552
La Plata,7,56607,10329,9798
Lake,8,7327,1601,777
Larimer,5,366778,66621,62250
Las Animas,-4,14327,3289,2561
Lincoln,-29,5510,302,1695
Logan,-26,20823,1437,5965
Mesa,-14,158636,15360,40722
Moffat,-31,13177,642,4129
Montezuma,-11,26468,3171,7430
Montrose,-18,43811,3990,12380
Morgan,-19,29239,2816,6849
Otero,-9,18303,3065,4055
Ouray,9,5100,1034,1077
Park,-8,17939,2543,4788
Phillips,-28,4449,303,1463
Pitkin,26,16876,4681,1738
Prowers,-21,11854,1131,2938
Pueblo,1,169544,37379,26311
Rio Blanco,-32,6569,214,2594
Rio Grande,-7,11325,1914,2708
Routt,12,25007,5339,3974
Saguache,6,6623,1489,867
San Miguel,26,8003,2114,771
Sedgwick,-26,2295,218,864
Summit,17,30565,6208,3381
Teller,-17,24857,2490,7925
Washington,-35,4812,202,2061
Weld,-7,350176,42125,69565
Yuma,-32,9899,562,2997
